<?xml version="1.0" encoding="UTF-8"?>
<launch4jConfig>
  <dontWrapJar>false</dontWrapJar>
  <headerType>gui</headerType>
  <jar>C:\Users\24jih\Howard_Ferrobot\release\Windows1\ferroBotApp.jar</jar>
  <outfile>C:\Users\24jih\Howard_Ferrobot\release\Windows1\ferroBotApp.exe</outfile>
  <errTitle></errTitle>
  <cmdLine></cmdLine>
  <chdir>.</chdir>
  <priority>normal</priority>
  <downloadUrl></downloadUrl>
  <supportUrl></supportUrl>
  <stayAlive>false</stayAlive>
  <restartOnCrash>false</restartOnCrash>
  <manifest></manifest>
  <icon></icon>
  <jre>
    <path>%JAVA_HOME%;%PATH%</path>
    <requiresJdk>true</requiresJdk>
    <requires64Bit>true</requires64Bit>
    <minVersion></minVersion>
    <maxVersion></maxVersion>
    <opt>--enable-preview</opt>
  </jre>
</launch4jConfig>